Private flight,Goroka Airport,Teslin Airport,2023-07-20 12:32,2024-01-04 12:32
135 Airways,Madang Airport,CFB Greenwood,2023-05-07 12:32,2024-02-18 12:32
1Time Airline,Mount Hagen Kagamuga Airport,Faro Airport,2023-09-29 12:32,2024-01-12 12:32
2 Sqn No 1 Elementary Flying Training School,Nadzab Airport,Fort Mcpherson Airport,2024-02-26 12:32,2023-08-10 12:32
213 Flight Unit,Port Moresby Jacksons International Airport,Blida Airport,2023-07-13 12:32,2024-03-10 12:32
223 Flight Unit State Airline,Wewak International Airport,Bou Saada Airport,2023-07-15 12:32,2023-12-25 12:32
224th Flight Unit,Narsarsuaq Airport,Soummam Airport,2023-02-09 12:32,2023-10-04 12:32
247 Jet Ltd,Godthaab / Nuuk Airport,Houari Boumediene Airport,2023-09-08 12:32,2023-11-01 12:32
3D Aviation,Kangerlussuaq Airport,Djanet Inedbirene Airport,2024-03-18 12:32,2024-04-06 12:32
40-Mile Air,Thule Air Base,Boufarik Airport,2024-03-24 12:32,2023-07-25 12:32
4D Air,Akureyri Airport,Reggane Airport,2023-03-20 12:32,2023-10-11 12:32
611897 Alberta Limited,Egilsstaðir Airport,Illizi Takhamalt Airport,2024-03-08 12:32,2024-04-18 12:32
Ansett Australia,Hornafjörður Airport,Ain Oussera Airport,2023-05-01 12:32,2024-04-14 12:32
Abacus International,Húsavík Airport,Aguenar Hadj Bey Akhamok Airport,2023-11-29 12:32,2024-03-13 12:32
Abelag Aviation,Ísafjörður Airport,Jijel Ferhat Abbas Airport,2024-04-12 12:32,2024-01-28 12:32
Army Air Corps,Keflavik International Airport,Mecheria Airport,2023-10-20 12:32,2024-05-21 12:32
Aero Aviation Centre Ltd.,Patreksfjörður Airport,Relizane Airport,2023-09-29 12:32,2023-12-05 12:32
Aero Servicios Ejecutivos Internacionales,Reykjavik Airport,Rabah Bitat Airport,2023-08-22 12:32,2024-02-06 12:32
Aero Biniza,Siglufjörður Airport,Mohamed Boudiaf International Airport,2023-02-06 12:32,2024-02-24 12:32
Aero Albatros,Vestmannaeyjar Airport,Cheikh Larbi Tébessi Airport,2023-02-22 12:32,2023-06-18 12:32
Aigle Azur,Sault Ste Marie Airport,Hassi R'Mel Airport,2023-10-22 12:32,2024-03-19 12:32
Aloha Airlines,Winnipeg / St. Andrews Airport,Bou Chekif Airport,2023-02-24 12:32,2023-06-29 12:32
Alaska Island Air,Halifax / CFB Shearwater Heliport,Bou Sfer Airport,2023-10-22 12:32,2023-08-14 12:32
American Airlines,St. Anthony Airport,Tindouf Airport,2023-08-21 12:32,2024-05-06 12:32
Aviation Management Corporation,Tofino / Long Beach Airport,Ech Cheliff Airport,2023-03-16 12:32,2023-08-08 12:32
Atlantis Airlines (USA),Kugaaruk Airport,Tafaraoui Airport,2024-02-22 12:32,2023-06-23 12:32
Aerovista Airlines,Baie Comeau Airport,Zenata Messali El Hadj Airport,2023-10-19 12:32,2024-01-07 12:32
Asiana Airlines,CFB Bagotville,Es Senia Airport,2024-02-15 12:32,2023-09-28 12:32
Askari Aviation,Baker Lake Airport,Sidi Bel Abbes Airport,2024-03-06 12:32,2024-02-28 12:32
Australia Asia Airlines,Campbell River Airport,Ghriss Airport,2023-10-09 12:32,2023-11-23 12:32
Astro Air International,Brandon Municipal Airport,Touat Cheikh Sidi Mohamed Belkebir Airport,2024-01-14 12:32,2024-05-09 12:32
Afriqiyah Airways,Cambridge Bay Airport,Biskra Airport,2023-03-28 12:32,2024-01-21 12:32
Afrinat International Airlines,Nanaimo Airport,El Golea Airport,2023-11-02 12:32,2024-06-01 12:32
Afric'air Express,Castlegar/West Kootenay Regional Airport,Noumérat - Moufdi Zakaria Airport,2023-09-26 12:32,2023-07-05 12:32
Allegiant Air,Miramichi Airport,Oued Irara Airport,2023-09-22 12:32,2023-11-05 12:32
Angus Aviation,Charlo Airport,In Salah Airport,2024-02-16 12:32,2023-12-10 12:32
Artem-Avia,Kugluktuk Airport,Touggourt Sidi Madhi Airport,2024-04-29 12:32,2023-09-19 12:32
African Business and Transportations,Coronation Airport,Laghouat Airport,2023-06-03 12:32,2023-06-24 12:32
Aban Air,Chilliwack Airport,Timimoun Airport,2023-10-02 12:32,2024-03-12 12:32
Aerial Oy,Clyde River Airport,Ain el Beida Airport,2024-04-03 12:32,2024-01-15 12:32
Abakan-Avia,Coral Harbour Airport,In Aménas Airport,2023-12-15 12:32,2023-12-15 12:32
ABSA - Aerolinhas Brasileiras,Dawson City Airport,Cadjehoun Airport,2023-09-08 12:32,2024-01-12 12:32
Abaet,Burwash Airport,Ouagadougou Airport,2023-06-10 12:32,2024-02-18 12:32
Alberta Citylink,Princeton Airport,Bobo Dioulasso Airport,2023-07-07 12:32,2024-05-13 12:32
APSA Colombia,Deer Lake Airport,Kotoka International Airport,2023-04-30 12:32,2023-07-20 12:32
Aerovias Bueno,Dease Lake Airport,Tamale Airport,2024-04-24 12:32,2023-06-23 12:32
Aerocenter,Dauphin Barker Airport,Wa Airport,2023-10-16 12:32,2023-11-01 12:32
Antrak Air,Dawson Creek Airport,Sunyani Airport,2023-03-13 12:32,2024-01-03 12:32
Airborne Express,Edmonton International Airport,Takoradi Airport,2024-06-13 12:32,2023-07-30 12:32
ABX Air,Arviat Airport,Port Bouet Airport,2023-06-17 12:32,2024-04-08 12:32
ATA Brasil,Estevan Airport,Bouaké Airport,2024-01-18 12:32,2023-09-05 12:32
Avcard Services,Edson Airport,Daloa Airport,2023-07-31 12:32,2024-04-06 12:32
Academy Airlines,Eureka Airport,Korhogo Airport,2024-01-10 12:32,2024-01-17 12:32
Aero Comondu,Inuvik Mike Zubko Airport,Man Airport,2024-04-12 12:32,2024-02-12 12:32
Astral Aviation,Iqaluit Airport,San Pedro Airport,2024-02-23 12:32,2023-06-23 12:32
Air Cess,Fredericton Airport,Yamoussoukro Airport,2024-02-03 12:32,2024-05-14 12:32
Air Aurora,Forestville Airport,Nnamdi Azikiwe International Airport,2024-04-14 12:32,2023-12-03 12:32
Air Cargo Transportation System,Flin Flon Airport,Akure Airport,2023-10-27 12:32,2023-12-29 12:32
Air Charter Service,Fort Resolution Airport,Benin Airport,2023-03-21 12:32,2023-08-13 12:32
Aero Asia International,Fort Simpson Airport,Margaret Ekpo International Airport,2024-02-05 12:32,2023-09-27 12:32
Air Charters,Kingston Norman Rogers Airport,Akanu Ibiam International Airport,2024-05-28 12:32,2023-06-26 12:32
Air Togo,La Grande Rivière Airport,Gusau Airport,2023-05-02 12:32,2024-05-13 12:32
Air Somalia,Gaspé (Michel-Pouliot) Airport,Ibadan Airport,2023-06-30 12:32,2024-06-05 12:32
Atlas Cargo Lines,Geraldton Greenstone Regional Airport,Ilorin International Airport,2024-02-23 12:32,2023-07-23 12:32
Airservices Australia,Îles-de-la-Madeleine Airport,Yakubu Gowon Airport,2023-07-30 12:32,2024-01-25 12:32
Advance Leasing Company,Hudson Bay Airport,Kaduna Airport,2023-10-15 12:32,2023-06-26 12:32
Aztec Worldwide Airlines,Dryden Regional Airport,Mallam Aminu International Airport,2023-02-24 12:32,2023-07-11 12:32
Air Tindi,Ulukhaktok Holman Airport,Maiduguri International Airport,2023-07-04 12:32,2024-05-17 12:32
Antonov Airlines,Gjoa Haven Airport,Makurdi Airport,2023-04-07 12:32,2024-05-02 12:32
Air Atlantic Dominicana,John C. Munro Hamilton International Airport,Murtala Muhammed International Airport,2023-06-01 12:32,2023-09-12 12:32
Advanced Air Co.,Montréal / Saint-Hubert Airport,Minna Airport,2023-06-18 12:32,2024-04-21 12:32
Ada Air,Hay River / Merlyn Carter Airport,Port Harcourt International Airport,2024-05-30 12:32,2024-03-20 12:32
Aerea Flying Training Organization,Halifax / Stanfield International Airport,Sadiq Abubakar III International Airport,2023-02-20 12:32,2024-05-13 12:32
Audeli Air,Atikokan Municipal Airport,Yola Airport,2023-08-07 12:32,2024-05-05 12:32
Abicar,Pond Inlet Airport,Zaria Airport,2023-07-15 12:32,2023-12-29 12:32
ADC Airlines,St Jean Airport,Maradi Airport,2023-10-30 12:32,2023-10-06 12:32
Aero Dynamics,Stephenville Airport,Diori Hamani International Airport,2023-03-18 12:32,2024-04-16 12:32
Aerolineas Dominicanas,Kamloops Airport,Tahoua Airport,2023-12-31 12:32,2023-09-06 12:32
Aerodienst GmbH,Waterloo Airport,Mano Dayak International Airport,2023-08-19 12:32,2023-09-19 12:32
Aerodiplomatic,Schefferville Airport,Dirkou Airport,2023-06-29 12:32,2023-10-27 12:32
Aerodyne,Kindersley Airport,Diffa Airport,2024-04-26 12:32,2024-02-13 12:32
Avion Taxi,Buttonville Municipal Airport,Zinder Airport,2023-08-20 12:32,2024-02-29 12:32
Adria Airways,Chapleau Airport,Monastir Habib Bourguiba International Airport,2024-01-26 12:32,2023-09-06 12:32
Aviones de Sonora,Meadow Lake Airport,Tunis Carthage International Airport,2023-07-10 12:32,2024-01-13 12:32
Air Dorval,Lloydminster Airport,Sidi Ahmed Air Base,2023-07-11 12:32,2023-11-17 12:32
Airdeal Oy,Alert Airport,Remada Air Base,2023-03-28 12:32,2023-09-02 12:32
Advance Air Charters,Kelowna International Airport,Gafsa Ksar International Airport,2023-05-05 12:32,2023-08-19 12:32
Air Andaman,Mayo Airport,Gabès Matmata International Airport,2023-04-27 12:32,2023-07-26 12:32
Anderson Aviation,Moose Jaw Air Vice Marshal C. M. McEwen Airport,Borj El Amri Airport,2023-07-28 12:32,2024-01-30 12:32
Air Europa,Fort McMurray Airport,Djerba Zarzis International Airport,2023-07-17 12:32,2023-08-18 12:32
Air Southwest Ltd.,Moosonee Airport,El Borma Airport,2023-09-21 12:32,2024-05-04 12:32
Air Special,Maniwaki Airport,Sfax Thyna International Airport,2023-08-19 12:32,2024-04-21 12:32
Aero Benin,Montreal International (Mirabel) Airport,Tozeur Nefta International Airport,2023-08-12 12:32,2023-11-02 12:32
Aerocesar,Natashquan Airport,Niamtougou International Airport,2024-05-11 12:32,2024-05-03 12:32
Aerotrans Airlines,Ottawa / Gatineau Airport,Lomé-Tokoin Airport,2023-04-27 12:32,2023-10-29 12:32
Aegean Airlines,Matagami Airport,Antwerp International Airport (Deurne),2024-04-22 12:32,2024-01-10 12:32
Aerofumigaciones Sam,Old Crow Airport,Beauvechain Air Base,2023-09-08 12:32,2023-11-23 12:32
Aeroexpreso Interamericano,CFB Cold Lake,Kleine Brogel Air Base,2024-03-20 12:32,2024-05-27 12:32
Air Express,High Level Airport,Brussels Airport,2024-05-28 12:32,2023-09-30 12:32
Aerocon,Ottawa Macdonald-Cartier International Airport,Jehonville Air Base,2023-06-27 12:32,2023-11-15 12:32
Aero Madrid,Prince Albert Glass Field,Brussels South Charleroi Airport,2023-11-16 12:32,2023-10-04 12:32
Aeroenlaces Nacionales,Peace River Airport,Chièvres Air Base,2023-11-27 12:32,2023-11-25 12:32
Aeroservicios Ejecutivos Del Occidente,Southport Airport,Koksijde Air Base,2023-06-19 12:32,2023-12-06 12:32
Aerotec,Pitt Meadows Airport,Florennes Air Base,2024-03-10 12:32,2023-08-19 12:32
Air Atlantique,Pickle Lake Airport,Wevelgem Airport,2023-10-22 12:32,2023-10-14 12:32
Air Europe,Port Menier Airport,Liège Airport,2024-01-29 12:32,2023-09-04 12:32
Air Alma,Peterborough Airport,Ostend-Bruges International Airport,2023-03-25 12:32,2023-09-02 12:32
Air Express,Prince Rupert Airport,Zutendaal Air Base,2024-04-25 12:32,2024-01-27 12:32
Alaska Central Express,Fort Chipewyan Airport,Brustem Airfield Sint Truiden,2023-09-16 12:32,2024-02-24 12:32
ACES Colombia,Muskoka Airport,Saint Hubert Air Base,2023-05-07 12:32,2024-03-27 12:32
Aeronautical Radio of Thailand,Quebec Jean Lesage International Airport,Ursel Air Base,2023-03-01 12:32,2023-11-30 12:32
Astraeus,Red Deer Regional Airport,Weelde Air Base,2023-06-28 12:32,2024-03-16 12:32
Aeroventas,Windsor Airport,Zoersel (Oostmalle) Airfield,2024-03-30 12:32,2023-09-26 12:32
Aerosvit Airlines,Watson Lake Airport,Flugplatz Bautzen,2023-05-16 12:32,2023-08-02 12:32
Airway Express,Kenora Airport,Altenburg-Nobitz Airport,2023-05-09 12:32,2023-12-05 12:32
Air Italy,Lethbridge County Airport,Dessau Airfield,2024-05-04 12:32,2024-04-17 12:32
Aerial Transit Company,Greater Moncton International Airport,Eisenhüttenstadt Airfield,2024-01-21 12:32,2024-05-24 12:32
Alfa Air,Comox Airport,Großenhain Airport,2023-05-02 12:32,2024-01-25 12:32
American Falcon,Regina International Airport,Merseburg Airport,2023-12-17 12:32,2024-02-15 12:32
Alliance Airlines,Thunder Bay Airport,Halle-Oppin Airport,2023-04-15 12:32,2023-09-19 12:32
Air Universal,Grande Prairie Airport,Riesa-Göhlis Airport,2023-05-15 12:32,2024-04-28 12:32
Auvia Air,Yorkton Municipal Airport,Rechlin-Lärz Airport,2023-04-08 12:32,2024-05-06 12:32
African West Air,North Battleford Airport,Strausberg Airport,2023-03-21 12:32,2023-09-16 12:32
Airfast Indonesia,Gander International Airport,Schönhagen Airport,2023-07-26 12:32,2024-03-31 12:32
Ariana Afghan Airlines,Sydney / J.A. Douglas McCurdy Airport,Barth Airport,2023-06-15 12:32,2023-12-24 12:32
Air Fecteau,Quesnel Airport,Jena-Schöngleina Airfield,2023-04-15 12:32,2024-04-07 12:32
Africaone,Resolute Bay Airport,Kyritz Airport,2023-07-02 12:32,2024-05-08 12:32
Alliance,Rivière-du-Loup Airport,"Magdeburg ""City"" Airport",2023-06-06 12:32,2023-12-27 12:32
Africa Air Links,Roberval Airport,Rothenburg/Görlitz Airport,2024-05-09 12:32,2024-05-15 12:32
Aeroflot Russian Airlines,Rocky Mountain House Airport,Anklam Airfield,2023-06-07 12:32,2024-03-29 12:32
Aero Empresa Mexicana,Rankin Inlet Airport,Cottbus-Drewitz Airport,2023-09-17 12:32,2023-12-29 12:32
Air Bosna,Sudbury Airport,Kamenz Airport,2023-08-16 12:32,2023-12-18 12:32
Air Bravo,Sherbrooke Airport,Berlin-Schönefeld Airport,2023-08-15 12:32,2023-07-08 12:32
Air Brasd'or,Saint John Airport,Dresden Airport,2023-10-16 12:32,2024-04-29 12:32
Air 500,Fort Smith Airport,Erfurt Airport,2023-09-26 12:32,2023-12-07 12:32
Alba Servizi Aerotrasporti,Nanisivik Airport,Frankfurt am Main Airport,2024-03-30 12:32,2023-10-14 12:32
Air France,Summerside Airport,Münster Osnabrück Airport,2024-05-20 12:32,2024-05-19 12:32
Air Partner,Sachs Harbour (David Nasogaluak Jr. Saaryuaq) Airport,Hamburg Airport,2024-03-03 12:32,2024-02-25 12:32
Air Caledonie International,Cape Dorset Airport,Berlin-Tempelhof International Airport,2024-04-26 12:32,2023-11-13 12:32
Air Caledonia,Thompson Airport,Cologne Bonn Airport,2023-07-28 12:32,2024-04-05 12:32
Air Guam,CFB Trenton,Düsseldorf Airport,2023-12-01 12:32,2024-03-20 12:32
Air Gabon,Timmins/Victor M. Power,Munich Airport,2023-04-17 12:32,2024-06-12 12:32
Air Data,Billy Bishop Toronto City Centre Airport,Nuremberg Airport,2023-02-20 12:32,2023-10-06 12:32
Air Afrique Vacancies,Tuktoyaktuk Airport,Leipzig/Halle Airport,2024-04-03 12:32,2023-08-03 12:32
Air Cargo America,Montreal / Pierre Elliott Trudeau International Airport,Saarbrücken Airport,2023-03-23 12:32,2023-09-16 12:32
Air Salone,Repulse Bay Airport,Stuttgart Airport,2024-01-05 12:32,2023-08-15 12:32
Air-Angol,Hall Beach Airport,Berlin-Tegel Airport,2023-12-18 12:32,2023-09-09 12:32
Air Nigeria,Rouyn Noranda Airport,Hannover Airport,2023-11-01 12:32,2023-12-08 12:32
Air Cargo Carriers,La Ronge Airport,Bremen Airport,2024-02-22 12:32,2023-11-11 12:32
Air Samarkand,Vermilion Airport,Frankfurt-Egelsbach Airport,2023-09-24 12:32,2023-06-20 12:32
Air Senegal International,Qikiqtarjuaq Airport,Frankfurt-Hahn Airport,2024-04-12 12:32,2023-08-23 12:32
Air Sandy,Val-d'Or Airport,Mannheim-City Airport,2024-03-03 12:32,2024-01-10 12:32
Air Namibia,Kuujjuaq Airport,Allendorf/Eder Airport,2024-02-04 12:32,2024-02-29 12:32
Air Intersalonika,Norman Wells Airport,Worms Airport,2023-08-28 12:32,2023-09-29 12:32
Air Anatolia,Vancouver International Airport,Mainz-Finthen Airport,2023-11-12 12:32,2023-06-30 12:32
Air Saigon,Buffalo Narrows Airport,Eisenach-Kindel Airport,2024-04-01 12:32,2023-10-01 12:32
Afrique Regional Airways,Wiarton Airport,Siegerland Airport,2023-04-22 12:32,2024-04-10 12:32
Airfreight Express,Petawawa Airport,Hamburg-Finkenwerder Airport,2023-09-07 12:32,2023-11-15 12:32
Africa Chartered Services,Winnipeg / James Armstrong Richardson International Airport,Kiel-Holtenau Airport,2023-12-24 12:32,2024-05-04 12:32
Africa Freight Services,Wabush Airport,Lübeck Blankensee Airport,2023-12-13 12:32,2023-08-15 12:32
Aeronaves Del Centro,Williams Lake Airport,Flugplatz Dahlemer Binz,2023-03-09 12:32,2023-12-22 12:32
Air Service Gabon,Wrigley Airport,Meinerzhagen Airport,2023-10-25 12:32,2024-01-30 12:32
Arab Agricultural Aviation Company,Cranbrook/Canadian Rockies International Airport,Arnsberg-Menden Airport,2024-05-10 12:32,2023-12-29 12:32
Atlantic Gulf Airlines,Edmonton City Centre (Blatchford Field) Airport,Essen Mulheim Airport,2024-04-21 12:32,2024-01-25 12:32
Aerolitoral,Saskatoon John G. Diefenbaker International Airport,Bielefeld Airport,2023-12-09 12:32,2024-01-31 12:32
Algoma Airways,Medicine Hat Airport,Mönchengladbach Airport,2023-10-02 12:32,2024-05-17 12:32
Altagna,Fort St John Airport,Paderborn Lippstadt Airport,2024-03-14 12:32,2024-06-02 12:32
Angola Air Charter,Sioux Lookout Airport,Stadtlohn-Vreden Airport,2024-06-02 12:32,2023-07-07 12:32
Angola Air Charter,Pangnirtung Airport,Dortmund Airport,2024-03-13 12:32,2023-08-13 12:32
AERFI Group,Earlton (Timiskaming Regional) Airport,Augsburg Airport,2023-02-14 12:32,2024-05-11 12:32
Aerogala,Prince George Airport,Biberach a.d. Riß Airfield,2023-12-15 12:32,2023-10-02 12:32
Amadeus Global Travel Distribution,Northwest Regional Airport Terrace-Kitimat,Eggenfelden Airport,2024-01-03 12:32,2024-01-10 12:32
Angara Airlines,London Airport,Mindelheim-Mattsies Airfield,2024-02-08 12:32,2024-02-19 12:32
Air Glaciers,Abbotsford Airport,Oberpfaffenhofen Airport,2023-09-04 12:32,2023-07-08 12:32
Aero Gambia,Whitehorse / Erik Nielsen International Airport,Straubing Airport,2023-04-07 12:32,2023-09-10 12:32
Aviogenex,North Bay Jack Garland Airport,Vilshofen Airport,2023-10-28 12:32,2023-10-18 12:32
Atlantic Coast Airlines,Calgary International Airport,Leutkirch-Unterzeil Airport,2023-03-13 12:32,2024-02-26 12:32
Aero Barloz,Smithers Airport,Friedrichshafen Airport,2024-05-24 12:32,2024-03-27 12:32
Aeroper,Fort Nelson Airport,Schwerin Parchim Airport,2023-07-09 12:32,2024-05-21 12:32
Atlas Blue,Penticton Airport,Stendal-Borstel Airport,2023-06-25 12:32,2024-01-22 12:32
Aero Banobras,Charlottetown Airport,Aalen-Heidenheim/Elchingen Airport,2023-02-08 12:32,2023-07-23 12:32
Aero Flight Service,Taloyoak Airport,Bayreuth Airport,2024-02-22 12:32,2023-10-16 12:32
Agrolet-Mci,Victoria International Airport,Burg Feuerstein Airport,2023-03-08 12:32,2023-10-17 12:32
Air Alpha Greenland,Lynn Lake Airport,Hof-Plauen Airport,2023-11-18 12:32,2023-08-25 12:32
Azal Avia Cargo,Swift Current Airport,Haßfurt-Schweinfurt Airport,2023-10-21 12:32,2024-06-08 12:32
Airport Helicopter Basel,Churchill Airport,Koblenz-Winningen Airfield,2023-08-19 12:32,2024-04-07 12:32
Aeroservices Corporate,Goose Bay Airport,Trier-Föhren Airport,2023-05-16 12:32,2024-01-08 12:32
Aspen Helicopters,St. John's International Airport,Speyer Airfield,2023-05-14 12:32,2024-06-13 12:32
Aerochago Airlines,Kapuskasing Airport,Zweibrücken Airport,2023-09-28 12:32,2023-10-03 12:32
Airplanes Holdings,Armstrong Airport,Donaueschingen-Villingen Airport,2024-01-16 12:32,2023-09-06 12:32
Air Hong Kong,Mont Joli Airport,Freiburg i. Br. Airport,2023-02-25 12:32,2023-06-26 12:32
Aerochiapas,Lester B. Pearson International Airport,Mengen-Hohentengen Airport,2023-03-13 12:32,2023-11-30 12:32
Air Adriatic,Downsview Airport,Adolf Würth Airport,2023-07-18 12:32,2023-10-18 12:32
Air Viggi San Raffaele,Gore Bay Manitoulin Airport,Finsterwalde/Schacksdorf Airport,2024-04-17 12:32,2024-04-06 12:32
ABC Air Hungary,Yellowknife Airport,Braunschweig-Wolfsburg Airport,2023-06-30 12:32,2023-11-12 12:32
Aeromist-Kharkiv,Slave Lake Airport,Kassel-Calden Airport,2024-05-19 12:32,2023-10-05 12:32
Azerbaijan Airlines,Sandspit Airport,Hildesheim Airport,2023-11-18 12:32,2023-08-03 12:32
Avies,Chris Hadfield Airport,Bremerhaven Airport,2023-06-08 12:32,2023-10-22 12:32
Airbus Industrie,Port Hardy Airport,Emden Airport,2024-01-21 12:32,2023-09-03 12:32
Alpine Air Chile,Whitecourt Airport,Leer-Papenburg Airport,2023-11-01 12:32,2023-12-22 12:32
Air Integra,Sept-Îles Airport,Wilhelmshaven-Mariensiel Airport,2023-02-23 12:32,2023-11-19 12:32
